{"cameraMode":{"drawMode":0,"name":"Shaded","section":"Shading Mode"},"sceneLighting":false,"audioPlay":false,"sceneViewState":{"m_AlwaysRefresh":false,"showFog":true,"showSkybox":false,"showFlares":true,"showImageEffects":true,"showParticleSystems":true,"showVisualEffectGraphs":true,"m_FxEnabled":true},"in2DMode":false,"pivot":{"x":1.5757355690002442,"y":0.2952428460121155,"z":0.8218460083007813},"rotation":{"x":0.0270637609064579,"y":-0.8562389016151428,"z":0.04393329098820686,"w":0.5145483613014221},"size":0.1307712346315384,"orthographic":false}