{"cameraMode":{"drawMode":0,"name":"Shaded","section":"Shading Mode"},"sceneLighting":false,"audioPlay":false,"sceneViewState":{"m_AlwaysRefresh":false,"showFog":true,"showSkybox":false,"showFlares":true,"showImageEffects":true,"showParticleSystems":true,"showVisualEffectGraphs":true,"m_FxEnabled":true},"in2DMode":false,"pivot":{"x":0.002883128821849823,"y":-0.039678044617176059,"z":-0.011216133832931519},"rotation":{"x":0.05470091477036476,"y":-0.8697103261947632,"z":0.09875157475471497,"w":0.4809347689151764},"size":0.11730849742889404,"orthographic":false}