{"cameraMode":{"drawMode":0,"name":"Shaded","section":"Shading Mode"},"sceneLighting":false,"audioPlay":false,"sceneViewState":{"m_AlwaysRefresh":false,"showFog":true,"showSkybox":false,"showFlares":true,"showImageEffects":true,"showParticleSystems":true,"showVisualEffectGraphs":true,"m_FxEnabled":true},"in2DMode":false,"pivot":{"x":0.030422165989875795,"y":-0.02631080150604248,"z":-0.03678051009774208},"rotation":{"x":0.053224291652441028,"y":0.22071745991706849,"z":-0.0121384272351861,"w":0.9740376472473145},"size":0.24423614144325257,"orthographic":false}