{"cameraMode":{"drawMode":0,"name":"Shaded","section":"Shading Mode"},"sceneLighting":true,"audioPlay":false,"sceneViewState":{"m_AlwaysRefresh":false,"showFog":true,"showSkybox":true,"showFlares":true,"showImageEffects":true,"showParticleSystems":true,"showVisualEffectGraphs":true,"m_FxEnabled":true},"in2DMode":false,"pivot":{"x":1.2565048933029175,"y":0.9295816421508789,"z":5.449615478515625},"rotation":{"x":-0.1331072449684143,"y":-0.09831976145505905,"z":0.013165106996893883,"w":-0.9865277409553528},"size":3.5848119258880617,"orthographic":false}