{"cameraMode":{"drawMode":0,"name":"Shaded","section":"Shading Mode"},"sceneLighting":true,"audioPlay":false,"sceneViewState":{"m_AlwaysRefresh":false,"showFog":true,"showSkybox":true,"showFlares":true,"showImageEffects":true,"showParticleSystems":true,"showVisualEffectGraphs":true,"m_FxEnabled":true},"in2DMode":false,"pivot":{"x":-0.5026306509971619,"y":3.1024975776672365,"z":7.682647705078125},"rotation":{"x":-0.1285260021686554,"y":0.03822074085474014,"z":-0.004698816686868668,"w":-0.9907366037368774},"size":2.1659128665924074,"orthographic":false}