{"cameraMode":{"drawMode":0,"name":"Shaded","section":"Shading Mode"},"sceneLighting":true,"audioPlay":false,"sceneViewState":{"m_AlwaysRefresh":false,"showFog":true,"showSkybox":true,"showFlares":true,"showImageEffects":true,"showParticleSystems":true,"showVisualEffectGraphs":true,"m_FxEnabled":true},"in2DMode":false,"pivot":{"x":25.353464126586915,"y":-11.428433418273926,"z":12.801125526428223},"rotation":{"x":0.18364639580249787,"y":0.5321907997131348,"z":-0.11999588459730149,"w":0.8180755376815796},"size":19.048133850097658,"orthographic":false}