{"cameraMode":{"drawMode":0,"name":"Shaded","section":"Shading Mode"},"sceneLighting":true,"audioPlay":false,"sceneViewState":{"m_AlwaysRefresh":false,"showFog":true,"showSkybox":true,"showFlares":true,"showImageEffects":true,"showParticleSystems":true,"showVisualEffectGraphs":true,"m_FxEnabled":true},"in2DMode":false,"pivot":{"x":2.176607847213745,"y":-10.062679290771485,"z":-12.966371536254883},"rotation":{"x":-0.006726402323693037,"y":-0.9678351283073425,"z":0.24917630851268769,"w":-0.024812575429677964},"size":15.897265434265137,"orthographic":false}