{"cameraMode":{"drawMode":0,"name":"Shaded","section":"Shading Mode"},"sceneLighting":true,"audioPlay":false,"sceneViewState":{"m_AlwaysRefresh":false,"showFog":true,"showSkybox":true,"showFlares":true,"showImageEffects":true,"showParticleSystems":true,"showVisualEffectGraphs":true,"m_FxEnabled":true},"in2DMode":false,"pivot":{"x":23.943307876586915,"y":31.496402740478517,"z":-70.94539642333985},"rotation":{"x":0.04372500628232956,"y":0.05897655338048935,"z":-0.0021386616863310339,"w":0.9970493912696838},"size":0.43301278352737429,"orthographic":false}