{"cameraMode":{"drawMode":0,"name":"Shaded","section":"Shading Mode"},"sceneLighting":true,"audioPlay":false,"sceneViewState":{"m_AlwaysRefresh":false,"showFog":true,"showSkybox":true,"showFlares":true,"showImageEffects":true,"showParticleSystems":true,"showVisualEffectGraphs":true,"m_FxEnabled":true},"in2DMode":false,"pivot":{"x":11.489934921264649,"y":19.200098037719728,"z":-9.591287612915039},"rotation":{"x":-0.1694742888212204,"y":0.034888677299022678,"z":-0.006013170816004276,"w":-0.9849315285682678},"size":0.3064194321632385,"orthographic":false}