{"cameraMode":{"drawMode":0,"name":"Shaded","section":"Shading Mode"},"sceneLighting":true,"audioPlay":false,"sceneViewState":{"m_AlwaysRefresh":false,"showFog":true,"showSkybox":true,"showFlares":true,"showImageEffects":true,"showParticleSystems":true,"showVisualEffectGraphs":true,"m_FxEnabled":true},"in2DMode":false,"pivot":{"x":3.1994481086730959,"y":7.608678340911865,"z":-2.6512231826782228},"rotation":{"x":-0.3683784604072571,"y":0.001103765331208706,"z":-0.0004179198294878006,"w":-0.9301066994667053},"size":3.5848119258880617,"orthographic":false}