{"cameraMode":{"drawMode":0,"name":"Shaded","section":"Shading Mode"},"sceneLighting":false,"audioPlay":false,"sceneViewState":{"m_AlwaysRefresh":false,"showFog":true,"showSkybox":false,"showFlares":true,"showImageEffects":true,"showParticleSystems":true,"showVisualEffectGraphs":true,"m_FxEnabled":true},"in2DMode":false,"pivot":{"x":0.023804564028978349,"y":0.3688925802707672,"z":-0.7408316731452942},"rotation":{"x":0.06956762075424195,"y":-0.006694402080029249,"z":-0.0005044348654337227,"w":0.9977734684944153},"size":0.25980764627456667,"orthographic":false}