{"cameraMode":{"drawMode":0,"name":"Shaded","section":"Shading Mode"},"sceneLighting":false,"audioPlay":false,"sceneViewState":{"m_AlwaysRefresh":false,"showFog":true,"showSkybox":false,"showFlares":true,"showImageEffects":true,"showParticleSystems":true,"showVisualEffectGraphs":true,"m_FxEnabled":true},"in2DMode":false,"pivot":{"x":-0.017150754109025,"y":-0.039852969348430637,"z":-0.01109670102596283},"rotation":{"x":0.05470091477036476,"y":-0.8697103261947632,"z":0.09875157475471497,"w":0.4809347689151764},"size":0.11730850487947464,"orthographic":false}